Player, Elo
Aryna Sabalenka,2174.2
Iga Swiatek,2135.5
Coco Gauff,2072.5
Elina Svitolina,2043.5
Victoria Mboko,2035.1
Amanda Anisimova,2032.7
Elena Rybakina,1993.6
Madison Keys,1990.6
Mirra Andreeva,1989.0
Clara Tauson,1984.3
Elise Mertens,1975.0
Belinda Bencic,1973.6
Qinwen Zheng,1972.6
Naomi Osaka,1965.1
Marketa Vondrousova,1961.9
Emma Raducanu,1950.2
Jasmine Paolini,1941.8
Liudmila Samsonova,1932.9
Dayana Yastremska,1928.7
Jessica Pegula,1924.5
Ekaterina Alexandrova,1912.5
Lois Boisson,1903.6
Marie Bouzkova,1901.4
Katerina Siniakova,1897.5
Linda Noskova,1891.0
Anna Kalinskaya,1882.9
Mccartney Kessler,1878.9
Xin Yu Wang,1873.8
Paula Badosa,1868.4
Tereza Valentova,1868.0
Caty Mcnally,1860.6
Marta Kostyuk,1858.3
Jessica Bouzas Maneiro,1857.9
Emma Navarro,1856.1
Maya Joint,1850.5
Sara Bejlek,1848.3
Veronika Kudermetova,1847.6
Leylah Fernandez,1846.5
Anastasia Pavlyuchenkova,1838.2
Francesca Jones,1837.5
Danielle Collins,1835.2
Jelena Ostapenko,1834.8
Karolina Muchova,1833.6
Elisabetta Cocciaretto,1831.4
Maria Sakkari,1826.4
Sofia Kenin,1824.7
Olga Danilovic,1822.9
Iva Jovic,1821.6
Rebeka Masarova,1807.0
Alexandra Eala,1804.1
Greet Minnen,1803.7
Elena Gabriela Ruse,1802.7
Hailey Baptiste,1801.5
Jaqueline Cristian,1798.9
Sonay Kartal,1795.8
Anastasia Potapova,1794.0
Kaja Juvan,1792.4
Diana Shnaider,1792.0
Taylor Townsend,1788.8
Laura Siegemund,1788.3
Shuai Zhang,1782.8
Eva Lys,1782.0
Anna Bondar,1777.7
Kamilla Rakhimova,1774.1
Peyton Stearns,1771.6
Irina Camelia Begu,1769.0
Magda Linette,1757.5
Dalma Galfi,1755.2
Daria Kasatkina,1754.3
Aliaksandra Sasnovich,1752.7
Katie Boulter,1751.5
Petra Marcinko,1749.3
Victoria Azarenka,1743.9
Suzan Lamens,1739.8
Caroline Dolehide,1739.6
Antonia Ruzic,1735.2
Anna Blinkova,1734.7
Anastasija Sevastova,1733.6
Elsa Jacquemot,1724.7
Ons Jabeur,1724.6
Rebecca Sramkova,1724.5
Ashlyn Krueger,1723.7
Viktorija Golubic,1722.3
Ajla Tomljanovic,1722.2
Ann Li,1720.0
Oksana Selekhmeteva,1714.6
Mayar Sherif,1710.3
Yuliia Starodubtseva,1708.4
Robin Montgomery,1707.5
Solana Sierra,1706.6
Linda Fruhvirtova,1705.9
Bianca Andreescu,1703.1
Xiyu Wang,1702.7
Magdalena Frech,1701.4
Varvara Gracheva,1700.0
Darja Vidmanova,1698.5
Beatriz Haddad Maia,1698.0
Joanna Garland,1695.6
Kimberly Birrell,1685.7
Carson Branstine,1684.4
Sorana Cirstea,1683.6
Barbora Krejcikova,1683.1
Diane Parry,1682.4
Donna Vekic,1681.1
Talia Gibson,1679.9
Jil Teichmann,1678.6
Janice Tjen,1677.2
Kaitlin Quevedo,1676.9
Ella Seidel,1676.3
Lin Zhu,1675.4
Tamara Zidansek,1671.7
Anca Alexia Todoni,1670.4
Darja Semenistaja,1670.1
Dominika Salkova,1665.7
Panna Udvardy,1665.5
Katarzyna Kawa,1661.8
Camila Osorio,1657.0
Tatjana Maria,1655.0
Nuria Brancaccio,1653.8
Lucia Bronzetti,1652.9
Julia Grabher,1648.6
Elina Avanesyan,1648.6
Petra Martic,1646.0
Oleksandra Oliynykova,1645.4
Victoria Jimenez Kasintseva,1644.3
Cristina Bucsa,1639.8
Clervie Ngounoue,1637.6
Zeynep Sonmez,1637.3
Nikola Bartunkova,1634.3
Vitalia Diatchenko,1634.1
Tatiana Prozorova,1633.8
Linda Klimovicova,1633.3
Daria Saville,1631.6
Renata Zarazua,1631.5
Amarissa Kiara Toth,1631.0
Bernarda Pera,1629.6
Simona Waltert,1629.1
Louisa Chirico,1627.9
Maria Timofeeva,1625.1
Clara Burel,1624.6
Emerson Jones,1624.1
Julieta Pareja,1623.5
Viktoriya Tomova,1622.7
Anastasia Zakharova,1622.1
Veronika Erjavec,1620.8
Carol Young Suh Lee,1618.6
Iryna Shymanovich,1617.5
Anna Siskova,1614.1
Moyuka Uchijima,1610.7
Maddison Inglis,1610.0
Xinyu Gao,1606.7
Anna Lena Friedsam,1606.2
Caroline Garcia,1604.9
Yulia Putintseva,1602.7
Jana Fett,1602.5
Anhelina Kalinina,1601.8
Alina Korneeva,1601.3
Lanlana Tararudee,1599.0
Nina Stojanovic,1597.4
Maaya Rajeshwaran Revathi,1594.1
Yue Yuan,1593.8
Sachia Vickery,1593.7
Lulu Sun,1593.4
Emiliana Arango,1592.9
Heather Watson,1592.8
Fiona Crawley,1592.2
Lucrezia Stefanini,1589.7
Anouk Koevermans,1589.2
Daria Snigur,1587.2
Camilla Rosatello,1586.3
Priscilla Hon,1585.4
Mananchaya Sawangkaew,1585.3
Katie Volynets,1583.9
Leolia Jeanjean,1583.3
Noemi Basiletti,1582.7
Varvara Lepchenko,1582.0
Teodora Kostovic,1579.8
Monika Ekstrand,1579.7
Sara Sorribes Tormo,1579.2
Cadence Brace,1575.1
Maria Lourdes Carle,1572.3
Eva Vedder,1572.0
Leyre Romero Gormaz,1572.0
Ena Shibahara,1571.9
Astra Sharma,1570.7
Alina Charaeva,1568.4
Alice Rame,1568.2
Vendula Valdmannova,1565.6
Harmony Tan,1564.1
Yidi Yang,1563.3
Celine Naef,1561.4
Hanne Vandewinkel,1559.1
Mathilde Lollia,1558.8
Sinja Kraus,1557.9
Alycia Parks,1556.4
Himeno Sakatsume,1555.4
Aleksandra Krunic,1551.6
Francisca Jorge,1551.4
Ane Mintegi Del Olmo,1551.4
Jessika Ponchet,1549.7
Polina Kudermetova,1548.4
Tyra Caterina Grant,1548.2
Aoi Ito,1547.8
Marina Stakusic,1547.5
Valentina Ryser,1547.2
Maja Chwalinska,1545.6
Rebecca Marino,1544.3
Alisa Oktiabreva,1544.0
Mona Barthel,1542.7
Laura Samson,1540.7
Ena Koike,1539.3
Hanyu Guo,1539.1
Tara Wurth,1538.5
Elena Pridankina,1538.4
Ana Sofia Sanchez,1537.5
Julia Riera,1537.4
Mingge Xu,1537.4
Lola Radivojevic,1536.2
Nao Hibino,1534.1
Sofia Costoulas,1534.1
Ekaterina Kazionova,1533.1
Alize Cornet,1531.9
Nuria Parrizas Diaz,1531.1
Jesika Maleckova,1529.7
Carole Monnet,1527.4
Renata Jamrichova,1525.5
Ariana Geerlings,1525.3
Arantxa Rus,1522.7
Zarina Diyas,1520.0
Mai Hontama,1518.2
Alessandra Mazzola,1517.8
Sohyun Park,1517.7
Mariam Bolkvadze,1517.1
Tamara Korpatsch,1517.0
Zongyu Li,1515.5
Wakana Sonobe,1515.0
Claire Liu,1514.7
Ella Mcdonald,1513.5
Guiomar Maristany Zuleta De Reales,1513.2
Tiantsoa Sarah Rakotomanga Rajaonah,1512.2
Elizabeth Mandlik,1509.4
Aliona Bolsova,1507.6
Irene Burillo Escorihuela,1506.7
Eleejah Inisan,1506.0
Angela Fita Boluda,1503.3
Sayaka Ishii,1502.2
Dalila Spiteri,1501.6
Lizette Cabrera,1501.1
Anastasiya Soboleva,1500.4
Oana Georgeta Simion,1499.8
Aneta Kladivova,1498.4
Barbora Palicova,1497.3
Kathinka Von Deichmann,1495.3
Amelia Rajecki,1494.4
Fiona Ferro,1494.4
Alexis Blokhina,1491.9
Yuriko Miyazaki,1491.6
Ekaterine Gorgodze,1491.4
Tereza Martincova,1490.2
Sara Errani,1489.3
Katie Swan,1489.1
Jule Niemeier,1488.4
Iveta Dapkute,1485.9
Jodie Burrage,1485.4
Kyoka Okamura,1484.3
Alena Kovackova,1483.7
Ranah Akua Stoiber,1483.3
Rasheeda Mcadoo,1482.3
Chloe Paquet,1482.1
Yaroslava Bartashevich,1479.0
Shrivalli Rashmikaa Bhamidipaty,1477.1
Gabriela Lee,1476.5
Ana Bogdan,1475.7
Destanee Aiava,1473.8
Andrea Lazaro Garcia,1471.0
Caroline Uebelhoer,1469.4
Justina Mikulskyte,1469.1
Kayla Day,1468.1
Tessah Andrianjafitrimo,1466.7
Silvia Ambrosio,1466.4
Gabriela Ce,1464.6
Anastasiia Gureva,1463.7
Despina Papamichail,1461.7
Katarina Jokic,1460.3
Anna Karolina Schmiedlova,1460.1
Viktoria Hruncakova,1459.4
Kristina Liutova,1458.9
Cagla Buyukakcay,1458.3
Arianne Hartono,1457.9
Carolyn Ansari,1455.9
Marina Bassols Ribera,1455.5
Marie Benoit,1454.2
Xiaodi You,1453.4
Kristina Dmitruk,1452.1
Amarni Banks,1451.8
Amandine Hesse,1451.6
Aliona Falei,1451.6
Miriana Tona,1451.6
Anastasia Gasanova,1447.9
Sijia Wei,1447.3
Maria Golovina,1447.1
Polina Iatcenko,1445.6
Mia Ristic,1445.3
Akasha Urhobo,1444.8
Emina Bektas,1444.0
Matilde Jorge,1443.4
Emeline Dartron,1443.3
Francesca Curmi,1442.5
Matilde Paoletti,1442.4
Sara Daavettila,1441.4
Kamilla Bartone,1441.3
Nastasja Schunk,1440.7
Julie Belgraver,1440.5
Ekaterina Ovcharenko,1440.3
Jessica Pieri,1440.1
Jasmijn Gimbrere,1440.0
Laura Pigossi,1439.7
Isabella Shinikova,1438.3
Zhibek Kulambayeva,1436.7
Ayla Aksu,1436.0
Olivia Gadecki,1435.8
Kajsa Rinaldo Persson,1435.7
Carol Zhao,1435.4
Martyna Kubka,1435.2
Alicia Herrero Linana,1434.7
Noma Noha Akugue,1433.3
Julia Adams,1432.9
Arina Rodionova,1432.5
Emily Appleton,1431.7
Hina Inoue,1431.7
Stephanie Wagner,1430.4
Maria Martinez Vaquero,1428.4
Mariia Tkacheva,1426.7
Tiphanie Fiquet,1426.3
Harriet Dart,1425.7
Hiromi Abe,1425.1
Eva Guerrero Alvarez,1424.4
Ekaterina Reyngold,1423.9
Carlota Martinez Cirez,1423.4
Martina Okalova,1423.4
Ayana Akli,1422.6
Sara Cakarevic,1417.3
Vaidehi Chaudhari,1416.8
Meiling Wang,1416.3
Saki Imamura,1414.5
Tatiana Pieri,1413.4
Laura Svatikova,1412.4
Haley Giavara,1411.9
Fangzhou Liu,1411.5
Jenny Lim,1409.5
Sofia Shapatava,1409.3
Riya Bhatia,1409.1
Irina Bara,1409.1
Valeriya Strakhova,1407.2
Gabriela Andrea Knutson,1404.9
Raluka Serban,1402.4
Susan Bandecchi,1402.1
Miho Kuramochi,1399.3
Federica Urgesi,1393.9
Astrid Lew Yan Foon,1393.6
Jessica Bertoldo,1393.5
Madison Sieg,1391.0
Lea Boskovic,1390.8
Katherine Sebov,1389.8
Urszula Radwanska,1389.8
Miriam Bianca Bulgaru,1387.8
Samira De Stefano,1387.6
Robin Anderson,1382.2
Sahaja Yamalapalli,1381.0
Wushuang Zheng,1379.0
Lauren Davis,1376.2
Ikumi Yamazaki,1375.4
Eudice Wong Chong,1375.4
Lea Ma,1374.1
Aurora Zantedeschi,1373.4
Momoko Kobori,1373.0
Elvina Kalieva,1372.7
Mary Stoiana,1372.6
Margaux Rouvroy,1371.4
Su Jeong Jang,1371.1
Karina Miller,1368.7
Malene Helgo,1368.4
Iva Primorac,1368.4
Angelina Voloshchuk,1366.2
Victoria Hu,1363.8
Ayano Shimizu,1362.7
Hong Yi Cody Wong,1362.6
Daria Kudashova,1362.4
Radka Zelnickova,1362.3
Yuliya Hatouka,1360.8
Whitney Osuigwe,1356.1
Erika Andreeva,1355.4
Ipek Oz,1355.4
Akiko Omae,1351.8
Melisa Ercan,1351.4
Victoria Rodriguez,1350.9
Lina Gjorcheska,1350.8
Weronika Falkowska,1350.5
Diana Martynov,1350.2
Hanna Chang,1349.8
Ylena In Albon,1348.9
Manon Leonard,1348.9
Jazmin Ortenzi,1348.3
Patricia Maria Tig,1347.2
Lisa Zaar,1346.9
Ksenia Zaytseva,1346.8
Xinxin Yao,1345.7
Taylah Preston,1345.1
Ellie Schoppe,1341.5
Lucija Ciric Bagaric,1341.0
Katarina Zavatska,1339.2
Ye Xin Ma,1337.5
Julia Avdeeva,1335.5
Alevtina Ibragimova,1331.9
Mei Yamaguchi,1330.6
En Shuo Liang,1330.0
Tina Nadine Smith,1329.9
Sada Nahimana,1329.3
Gabriella Da Silva Fick,1327.8
Jamie Loeb,1326.8
Carolina Alves,1325.8
Diletta Cherubini,1325.4
Ayumi Koshiishi,1324.7
Maria Mateas,1321.2
Anastasia Kulikova,1321.0
Selena Janicijevic,1319.2
Jia Jing Lu,1317.3
Ekaterina Makarova,1315.1
Dalila Jakupovic,1309.2
Maria Kozyreva,1308.5
Kayla Cross,1308.4
Clara Vlasselaer,1304.1
Martha Matoula,1302.7
Sara Saito,1301.6
Makenna Jones,1301.3
Anastasia Tikhonova,1296.7
Nicole Fossa Huergo,1296.3
Petra Hule,1296.1
Haruka Kaji,1293.8
Han Shi,1293.5
Alana Smith,1292.9
Anna Sinclair Rogers,1290.4
Lian Tran,1286.0
Ruien Zhang,1278.2
Yasmine Mansouri,1276.3
Lia Karatancheva,1272.6
Lina Glushko,1271.2
Leonie Kung,1263.2
Elena Micic,1260.1
Ankita Raina,1240.6
Nahia Berecoechea,1212.7
